     1, M, P, 2.181
     2, D, P, 2.181
     3, R, P, 2.181
     4, N, P, 2.181
     5, Y, P, 2.181
     6, P, P, 2.181
     7, S, P, 2.181
     8, A, P, 2.181
     9, G, P, 2.181
    10, F, P, 2.181
    11, G, P, 2.181
    12, D, P, 2.181
    13, P, P, 2.181
    14, L, P, 2.136
    15, G, P, 1.878
    16, A, P, 2.065
    17, G, P, 2.070
    18, A, P, 1.660
    19, G, P, 1.713
    20, W, F, 0.390
    21, S, F, 0.232
    22, Y, F, 0.269
    23, E, P, 2.499
    24, R, P, 1.818
    25, S, P, 1.413
    26, A, P, 1.626
    27, K, P, 1.598
    28, A, P, 1.305
    29, S, P, 1.599
    30, L, P, 1.424
    31, V, P, 2.154
    32, Y, P, 1.899
    33, G, P, 1.785
    34, S, F, 0.082
    35, S, P, 0.761
    36, R, P, 0.545
    37, T, P, 0.708
    38, S, F, 0.253
    39, H, F, 0.253
    40, P, F, 0.346
    41, E, F, 0.200
    42, T, F, 0.338
    43, D, P, 1.195
    44, I, P, 1.081
    45, L, P, 0.634
    46, H, P, 0.544
    47, R, F, 0.013
    48, Q, F, 0.134
    49, A, F, 0.115
    50, Y, F, 0.040
    51, A, F, 0.178
    52, A, F, 0.178
    53, P, F, 0.178
    54, H, F, 0.300
    55, P, F, 0.201
    56, L, F, 0.724
    57, Q, F, 0.235
    58, S, P, 0.330
    59, Y, F, 0.060
    60, A, F, 0.515
    61, T, F, 0.434
    62, N, F, 0.376
    63, H, P, 0.622
    64, H, F, 0.303
    65, P, F, 0.320
    66, A, F, 0.484
    67, G, F, 0.466
    68, L, F, 0.455
    69, S, P, 1.231
    70, G, F, 0.036
    71, L, P, 1.238
    72, F, P, 0.919
    73, D, P, 0.651
    74, T, P, 0.344
    75, G, P, 0.348
    76, L, P, 0.501
    77, H, P, 0.486
    78, H, P, 0.694
    79, A, F, 0.205
    80, G, F, 0.730
    81, S, F, 0.240
    82, A, F, 0.361
    83, G, F, 0.888
    84, P, F, 0.396
    85, D, D, 0.371
    86, A, P, 0.646
    87, S, P, 0.821
    88, V, P, 0.505
    89, M, P, 0.482
    90, N, P, 0.565
    91, L, P, 0.988
    92, I, P, 1.130
    93, S, P, 1.041
    94, A, P, 0.633
    95, L, P, 1.041
    96, E, P, 0.952
    97, S, P, 0.909
    98, R, F, 0.071
    99, G, P, 1.664
   100, P, P, 1.318
   101, Q, F, 0.149
   102, P, F, 0.004
   103, G, F, 0.016
   104, P, P, 1.071
   105, S, P, 1.246
   106, A, P, 1.048
   107, S, P, 1.110
   108, S, P, 1.324
   109, L, P, 1.069
   110, L, P, 0.708
   111, S, P, 0.916
   112, Q, P, 0.730
   113, F, P, 0.730
   114, R, P, 1.165
   115, S, P, 1.165
   116, P, P, 0.980
   117, S, P, 1.125
   118, W, F, 0.071
   119, Q, F, 0.486
   120, T, F, 0.974
   121, A, F, 0.974
   122, M, F, 0.447
   123, H, F, 0.078
   124, T, F, 0.568
   125, P, F, 0.494
   126, G, P, 1.198
   127, P, P, 0.820
   128, T, P, 0.820
   129, E, P, 0.983
   130, L, F, 0.464
   131, F, P, 0.640
   132, I, P, 0.982
   133, S, P, 1.078
   134, G, P, 1.483
   135, A, P, 1.438
   136, L, P, 1.463
   137, P, P, 1.558
   138, G, F, 0.012
   139, S, F, 0.454
   140, S, F, 0.528
   141, T, F, 0.604
   142, F, F, 0.580
   143, P, F, 0.211
   144, S, P, 2.114
   145, S, P, 2.005
   146, S, P, 2.092
   147, A, P, 2.005
   148, L, P, 1.826
   149, S, P, 1.884
   150, A, P, 1.853
   151, Y, P, 1.515
   152, Q, F, 0.126
   153, H, F, 0.101
   154, P, F, 0.038
   155, A, P, 1.428
   156, S, F, 0.018
   157, F, F, 0.018
   158, G, F, 0.508
   159, S, F, 0.557
   160, R, F, 0.404
   161, P, P, 1.458
   162, F, P, 1.151
   163, P, F, 0.278
   164, V, P, 1.191
   165, P, P, 1.237
   166, S, P, 1.234
   167, S, P, 1.152
   168, L, P, 1.561
   169, S, P, 1.657
   170, L, P, 1.623
   171, Q, F, 0.092
   172, D, F, 0.092
   173, P, P, 0.559
   174, P, F, 0.150
   175, F, P, 0.219
   176, S, P, 0.310
   177, P, F, 0.097
   178, P, F, 0.260
   179, A, F, 0.750
   180, N, F, 0.778
   181, G, F, 0.262
   182, L, F, 0.262
   183, L, D, 0.190
   184, S, D, 0.242
   185, P, P, 0.041
   186, H, P, 0.265
   187, D, F, 0.398
   188, V, P, 0.336
   189, L, P, 0.336
   190, H, P, 0.649
   191, L, F, 0.378
   192, K, F, 0.220
   193, P, F, 0.769
   194, S, F, 0.804
   195, Q, F, 0.395
   196, A, F, 0.395
   197, P, F, 0.516
   198, T, F, 0.504
   199, V, F, 0.329
   200, P, F, 0.325
   201, S, F, 0.325
   202, S, F, 0.325
   203, L, F, 0.150
   204, G, P, 1.016
   205, F, P, 1.530
   206, E, P, 1.888
   207, R, F, 0.207
   208, L, F, 0.121
   209, A, P, 2.150
   210, G, F, 0.121
   211, G, F, 0.108
   212, G, P, 1.857
   213, V, P, 1.857
   214, L, P, 1.594
   215, G, F, 0.165
   216, P, P, 1.430
   217, A, P, 1.072
   218, G, P, 1.442
   219, L, P, 1.325
   220, G, P, 1.564
   221, P, P, 2.137
   222, A, P, 2.224
   223, Q, P, 1.771
   224, T, P, 1.284
   225, P, P, 0.758
   226, P, P, 0.538
   227, Y, P, 0.354
   228, R, D, 0.081
   229, P, P, 0.044
   230, G, P, 0.042
   231, P, D, 0.176
   232, P, D, 0.279
   233, D, D, 0.632
   234, P, D, 0.216
   235, P, D, 0.099
   236, P, D, 0.011
   237, P, D, 0.309
   238, P, P, 0.075
   239, R, P, 0.453
   240, H, P, 0.355
   241, L, P, 0.451
   242, P, P, 0.393
   243, T, D, 0.122
   244, Q, D, 0.185
   245, F, D, 0.263
   246, N, D, 0.887
   247, L, D, 0.753
   248, L, D, 0.801
   249, A, D, 0.530
   250, S, D, 0.275
   251, S, D, 0.275
   252, S, D, 0.953
   253, A, F, 0.167
   254, A, F, 0.082
   255, A, F, 0.094
   256, A, F, 0.568
   257, A, F, 0.519
   258, A, P, 0.166
   259, E, F, 0.080
   260, Q, D, 0.300
   261, S, D, 0.242
   262, S, P, 0.230
   263, P, D, 0.026
   264, Q, D, 0.279
   265, L, D, 0.548
   266, Y, D, 0.449
   267, N, D, 1.021
   268, F, D, 0.342
   269, S, D, 0.342
   270, G, D, 0.245
   271, A, D, 0.158
   272, A, P, 0.340
   273, P, P, 0.340
   274, G, P, 0.583
   275, P, P, 0.479
   276, P, P, 0.610
   277, P, P, 0.791
   278, P, P, 0.196
   279, E, D, 0.218
   280, R, D, 0.119
   281, A, D, 0.203
   282, L, D, 0.681
   283, P, D, 1.083
   284, R, D, 1.083
   285, Q, D, 0.693
   286, D, D, 0.770
   287, T, D, 1.202
   288, V, D, 1.202
   289, I, D, 1.202
   290, K, D, 1.202
   291, H, D, 1.202
   292, Y, D, 1.299
   293, Q, D, 1.187
   294, R, D, 1.156
   295, P, D, 1.268
   296, A, D, 1.204
   297, S, D, 1.142
   298, A, D, 1.068
   299, Q, D, 1.609
   300, P, D, 1.815
   301, P, D, 1.525
   302, P, D, 1.633
   303, P, D, 0.820
   304, P, D, 0.622
   305, P, D, 0.618
   306, P, D, 0.175
   307, A, P, 0.339
   308, H, P, 0.783
   309, A, P, 0.859
   310, L, P, 0.859
   311, Q, P, 0.906
   312, H, P, 1.380
   313, Y, P, 1.378
   314, L, P, 1.132
   315, S, P, 1.005
   316, C, P, 1.267
   317, G, F, 0.357
   318, G, F, 0.502
   319, S, F, 0.986
   320, Y, F, 0.866
   321, P, F, 0.702
   322, S, F, 1.072
   323, M, F, 0.545
   324, G, F, 0.460
   325, H, F, 0.285
   326, R, P, 2.808
   327, A, P, 2.874
   328, N, P, 2.874
   329, L, P, 2.732
   330, A, P, 2.732
   331, C, P, 2.237
   332, S, P, 2.325
   333, P, P, 1.142
   334, L, P, 1.142
   335, G, P, 1.142
   336, G, P, 1.539
   337, G, P, 1.041
   338, E, P, 1.465
   339, P, P, 0.813
   340, S, P, 1.222
   341, P, P, 1.317
   342, G, P, 1.219
   343, A, P, 1.531
   344, G, P, 1.237
   345, E, P, 1.326
   346, P, P, 1.185
   347, S, P, 1.496
   348, K, P, 1.496
   349, A, P, 1.791
   350, G, P, 1.291
   351, P, P, 1.325
   352, S, P, 1.672
   353, G, P, 1.413
   354, A, P, 1.558
   355, T, P, 1.062
   356, A, P, 1.062
   357, G, P, 1.062
   358, A, P, 1.267
   359, S, P, 1.597
   360, G, P, 1.681
   361, R, P, 2.217
   362, A, P, 2.705
   363, T, P, 2.705
   364, G, P, 3.022
   365, P, P, 3.105
   366, E, P, 3.105
   367, A, P, 3.587
   368, A, P, 3.778
   369, G, P, 3.562
   370, G, P, 3.265
   371, G, P, 3.500
   372, G, P, 3.334
   373, A, P, 2.922
   374, G, P, 3.518
   375, G, P, 3.675
   376, G, P, 3.855
   377, G, P, 3.869
   378, G, P, 3.172
   379, G, P, 3.184
   380, Y, P, 3.664
   381, R, P, 3.169
   382, P, P, 3.169
   383, I, P, 3.169
   384, I, P, 3.189
   385, Q, P, 3.189
   386, S, P, 3.189
   387, P, P, 2.712
   388, G, P, 2.233
   389, Y, P, 2.233
   390, K, P, 2.233
   391, T, P, 1.754
   392, G, P, 1.581
   393, K, P, 0.959
   394, G, P, 1.251
   395, G, P, 1.251
   396, Y, P, 1.177
   397, G, P, 1.094
   398, A, P, 0.930
   399, A, P, 0.930
   400, A, P, 1.078
   401, G, P, 0.592
   402, G, P, 0.399
   403, A, P, 1.003
   404, T, P, 0.246
   405, R, P, 0.045
   406, P, P, 0.554
   407, P, P, 0.465
   408, P, P, 0.066
   409, P, P, 0.055
   410, R, P, 0.055
   411, S, P, 0.187
   412, T, P, 0.187
   413, A, P, 0.187
   414, T, D, 0.292
   415, P, D, 0.286
   416, K, D, 0.286
   417, C, D, 0.286
   418, Q, P, 0.289
   419, S, D, 0.267
   420, L, D, 0.395
   421, G, D, 0.160
   422, G, P, 0.149
   423, P, P, 0.285
   424, A, P, 0.369
   425, A, P, 0.545
   426, A, P, 0.545
   427, Y, P, 0.721
   428, A, P, 1.027
   429, T, P, 1.616
   430, G, P, 1.330
   431, K, P, 1.758
   432, A, P, 1.758
   433, S, P, 1.837
   434, G, P, 1.837
   435, A, P, 1.418
   436, G, P, 1.418
   437, G, P, 1.486
   438, A, P, 1.975
   439, G, P, 2.067
   440, G, P, 1.657
   441, Q, P, 2.143
   442, A, P, 1.994
   443, Y, P, 1.569
   444, S, P, 2.091
   445, P, P, 2.597
   446, G, P, 2.684
   447, Q, P, 2.253
   448, P, P, 2.748
   449, Q, P, 2.379
   450, G, P, 2.379
   451, L, P, 2.873
   452, L, P, 2.873
   453, G, P, 2.443
   454, P, P, 2.379
   455, Q, P, 2.443
   456, A, P, 1.684
   457, Y, P, 1.373
   458, G, P, 1.622
   459, Q, P, 1.588
   460, G, P, 1.523
   461, F, P, 1.523
   462, G, P, 1.863
   463, G, P, 1.876
   464, G, P, 2.187
   465, Q, P, 2.584
   466, A, P, 2.584
   467, Q, P, 2.584
   468, D, P, 2.666
   469, L, P, 2.729
   470, S, P, 2.356
   471, K, P, 1.973
   472, A, P, 2.328
   473, P, P, 2.328
   474, S, P, 2.301
   475, Y, P, 1.878
   476, S, P, 1.425
   477, G, P, 0.938
   478, G, P, 1.435
   479, P, P, 1.551
   480, P, P, 1.511
   481, Q, P, 1.179
   482, P, P, 1.373
   483, P, P, 0.992
   484, S, P, 1.890
   485, G, P, 2.413
   486, P, P, 2.769
   487, P, P, 2.413
   488, P, P, 1.718
   489, P, P, 1.338
   490, G, P, 0.925
   491, L, P, 0.435
   492, A, P, 0.906
   493, T, P, 0.878
   494, C, P, 0.936
   495, Q, P, 1.354
   496, S, P, 1.743
   497, Y, P, 1.544
   498, S, P, 1.098
   499, P, P, 1.478
   500, D, P, 0.694
   501, Q, P, 0.694
   502, L, F, 0.410
   503, Q, F, 0.421
   504, G, P, 1.104
   505, Q, P, 1.249
   506, L, P, 0.938
   507, Y, P, 0.645
   508, G, P, 0.654
   509, V, P, 0.654
   510, Q, P, 0.210
   511, G, P, 0.299
   512, E, P, 0.249
   513, P, P, 0.611
   514, Y, P, 0.862
   515, P, P, 0.764
   516, G, P, 1.110
   517, P, P, 0.739
   518, A, P, 1.091
   519, A, P, 1.091
   520, H, P, 0.992
   521, S, P, 1.000
   522, Q, P, 1.199
   523, G, P, 1.450
   524, L, P, 1.450
   525, P, P, 2.186
   526, T, P, 2.466
   527, A, P, 2.087
   528, S, P, 1.958
   529, P, P, 1.558
   530, S, P, 1.827
   531, L, P, 2.320
   532, S, P, 2.389
   533, Y, P, 2.811
   534, S, P, 2.897
   535, T, P, 3.318
   536, G, P, 3.036
   537, H, P, 3.432
   538, S, P, 3.432
   539, P, P, 3.525
   540, A, P, 3.928
   541, L, P, 3.618
   542, S, P, 3.935
   543, G, P, 4.017
   544, H, P, 4.410
   545, G, P, 4.491
   546, G, P, 3.274
   547, G, P, 2.876
   548, W, P, 2.967
   549, G, P, 2.666
   550, P, P, 3.003
   551, S, P, 2.666
   552, S, P, 2.722
   553, L, P, 2.957
   554, G, P, 3.701
   555, G, P, 3.463
   556, G, P, 3.068
   557, G, P, 3.067
   558, E, P, 2.981
   559, A, P, 2.633
   560, S, P, 2.265
   561, P, P, 2.052
   562, S, P, 1.861
   563, H, P, 2.237
   564, I, P, 1.666
   565, I, P, 1.393
   566, R, P, 1.413
   567, P, P, 1.413
   568, L, P, 1.118
   569, Q, P, 1.118
   570, S, P, 1.024
   571, P, P, 0.904
   572, P, P, 1.413
   573, A, P, 0.999
   574, T, P, 0.999
   575, G, P, 1.093
   576, R, P, 0.562
   577, P, P, 0.841
   578, P, P, 0.711
   579, G, P, 1.215
   580, V, P, 1.510
   581, G, P, 1.622
   582, S, P, 1.662
   583, P, P, 1.252
   584, G, P, 1.527
   585, A, P, 1.381
   586, P, P, 1.527
   587, G, P, 1.342
   588, K, F, 0.063
   589, Y, F, 0.103
   590, L, F, 0.103
   591, S, F, 0.103
   592, S, F, 0.103
   593, V, P, 0.865
   594, L, P, 0.865
   595, A, P, 0.865
   596, S, F, 0.269
   597, A, F, 0.426
   598, P, F, 0.426
   599, F, F, 0.415
   600, L, F, 0.572
   601, A, F, 0.508
   602, P, F, 0.065
   603, P, P, 2.008
   604, G, F, 0.008
   605, A, P, 1.162
   606, G, P, 0.446
   607, S, P, 0.841
   608, Y, P, 1.538
   609, A, P, 1.623
   610, A, P, 2.027
   611, G, P, 2.175
   612, A, P, 2.147
   613, G, P, 2.147
   614, G, P, 2.147
   615, Y, P, 2.472
   616, K, P, 2.472
   617, G, P, 2.472
   618, K, P, 2.956
   619, G, P, 2.636
   620, D, P, 2.386
   621, G, P, 1.881
   622, S, P, 1.196
   623, E, P, 2.001
   624, L, P, 1.818
   625, L, P, 1.138
   626, A, P, 0.410
   627, G, D, 0.661
   628, P, D, 1.698
   629, G, D, 1.948
   630, G, D, 2.311
   631, P, D, 2.441
   632, P, D, 2.812
   633, A, D, 2.597
   634, E, F, 0.012
   635, R, F, 0.502
   636, T, F, 0.553
   637, E, F, 0.183
   638, D, D, 2.644
   639, E, D, 2.270
   640, E, D, 2.587
   641, F, D, 2.587
   642, L, D, 2.389
   643, I, D, 2.564
   644, Q, D, 2.305
   645, H, D, 1.984
   646, L, D, 1.984
   647, L, D, 1.594
   648, Q, D, 1.823
   649, A, F, 0.068
   650, P, F, 0.456
   651, S, F, 0.452
   652, P, F, 0.452
   653, P, F, 0.421
   654, R, P, 0.133
   655, T, P, 0.040
   656, S, D, 0.179
   657, G, D, 0.445
   658, A, D, 0.505
   659, D, D, 0.217
   660, G, P, 0.082
   661, L, P, 0.504
   662, V, P, 0.597
   663, G, P, 0.915
   664, E, P, 0.997
   665, D, P, 1.217
   666, G, P, 1.503
   667, A, P, 1.175
   668, A, P, 0.870
   669, D, P, 0.946
   670, A, P, 0.946
   671, S, P, 1.149
   672, K, P, 1.591
   673, G, P, 1.591
   674, L, P, 1.811
   675, G, P, 1.775
   676, G, P, 1.793
   677, S, P, 1.793
   678, G, P, 2.134
   679, G, P, 1.647
   680, A, P, 2.104
   681, G, P, 1.421
   682, G, P, 1.421
   683, P, P, 1.572
   684, P, P, 1.230
   685, G, P, 1.581
   686, T, P, 1.593
   687, P, P, 1.569
   688, Y, P, 1.170
   689, E, P, 0.737
   690, L, P, 0.737
   691, A, P, 0.450
   692, K, P, 0.183
   693, E, P, 0.954
   694, D, P, 0.761
   695, P, P, 0.667
   696, Q, P, 0.554
   697, R, F, 0.016
   698, Y, F, 0.543
   699, H, F, 0.448
   700, L, F, 0.472
   701, Q, F, 0.029
   702, S, F, 0.152
   703, V, D, 0.059
   704, I, D, 0.059
   705, R, D, 0.463
   706, T, F, 0.309
   707, S, F, 0.339
   708, A, F, 0.855
   709, S, F, 0.769
   710, L, F, 1.179
   711, D, F, 0.736
   712, E, F, 0.679
   713, G, F, 0.679
   714, A, F, 0.657
   715, T, F, 0.656
   716, A, F, 0.297
   717, A, D, 0.939
   718, L, D, 1.259
   719, E, D, 1.095
   720, L, D, 1.319
   721, G, D, 1.044
   722, L, D, 1.581
   723, G, D, 1.214
   724, R, D, 1.410
   725, L, D, 1.410
   726, K, D, 1.573
   727, E, D, 1.425
   728, K, D, 1.467
   729, K, D, 1.010
   730, K, D, 0.922
   731, G, D, 1.010
   732, P, D, 0.972
   733, E, D, 0.684
   734, R, D, 0.940
   735, G, D, 0.830
   736, G, D, 1.221
   737, E, D, 0.620
   738, T, D, 0.252
   739, P, P, 0.247
   740, E, P, 0.451
   741, G, P, 0.975
   742, L, P, 0.975
   743, A, D, 0.134
   744, T, D, 0.499
   745, S, D, 0.210
   746, V, P, 0.448
   747, V, D, 0.219
   748, H, F, 0.425
   749, Y, F, 0.510
   750, G, F, 0.539
   751, A, F, 0.477
   752, G, F, 0.477
   753, A, F, 0.454
   754, K, F, 0.465
   755, E, D, 0.240
   756, L, D, 0.127
   757, G, D, 0.318
   758, A, D, 0.412
   759, F, D, 0.607
   760, L, D, 0.754
   761, Q, D, 0.446
   762, K, D, 0.632
   763, S, D, 1.063
   764, P, D, 0.993
   765, P, D, 1.185
   766, P, D, 1.137
   767, P, D, 0.611
   768, P, D, 0.311
   769, P, D, 0.311
   770, T, D, 0.693
   771, A, D, 0.589
   772, Q, D, 0.540
   773, S, D, 0.649
   774, T, D, 0.193
   775, Q, D, 0.032
   776, P, D, 0.364
   777, T, D, 0.575
   778, P, D, 0.564
   779, H, D, 0.564
   780, G, D, 0.574
   781, L, D, 0.495
   782, L, F, 0.428
   783, L, F, 0.340
   784, E, F, 0.195
   785, A, F, 0.121
   786, G, F, 0.096
   787, G, F, 0.008
   788, P, F, 0.008
   789, D, F, 0.524
   790, L, F, 0.952
   791, P, F, 0.952
   792, L, F, 0.813
   793, V, F, 1.236
   794, L, F, 1.236
   795, P, F, 0.746
   796, P, F, 0.394
   797, P, F, 0.516
   798, P, F, 0.370
   799, P, F, 0.407
   800, Q, F, 0.419
   801, L, F, 0.444
   802, L, F, 0.451
   803, P, P, 0.014
   804, S, F, 0.106
   805, V, P, 0.291
   806, L, D, 0.360
   807, S, D, 0.273
   808, H, P, 0.173
   809, A, P, 0.304
   810, P, P, 0.290
   811, S, F, 0.231
   812, P, F, 0.747
   813, S, F, 0.696
   814, P, F, 0.181
   815, S, P, 0.379
   816, A, P, 0.576
   817, S, P, 0.013
   818, K, P, 0.498
   819, V, P, 0.900
   820, G, P, 0.489
   821, V, P, 0.524
   822, H, P, 0.578
   823, L, P, 0.578
   824, L, P, 0.256
   825, E, P, 0.256
   826, P, D, 0.081
   827, A, D, 0.081
   828, T, D, 0.422
   829, R, D, 0.389
   830, D, D, 0.779
   831, G, D, 1.053
   832, A, D, 1.264
   833, P, D, 1.844
   834, Q, D, 1.989
   835, P, D, 2.213
   836, P, D, 2.213
   837, P, D, 2.363
   838, P, D, 1.725
   839, P, D, 2.108
   840, P, D, 2.108
   841, P, D, 2.288
   842, P, D, 2.746
   843, P, D, 2.082
   844, P, D, 2.203
   845, P, D, 2.075
   846, M, D, 1.473
   847, P, D, 1.364
   848, L, D, 1.879
   849, Q, D, 1.879
   850, L, D, 1.892
   851, E, D, 1.926
   852, A, D, 1.926
   853, H, D, 1.586
   854, L, D, 1.586
   855, R, D, 0.974
   856, S, F, 0.017
   857, H, F, 0.123
   858, G, F, 0.123
   859, L, D, 0.977
   860, E, D, 1.687
   861, P, D, 1.399
   862, A, D, 1.364
   863, A, D, 1.655
   864, P, D, 0.944
   865, S, D, 0.839
   866, P, D, 0.444
   867, R, D, 0.539
   868, L, D, 1.181
   869, R, D, 1.511
   870, P, D, 2.141
   871, E, D, 2.515
   872, E, D, 2.515
   873, S, D, 1.490
   874, L, D, 1.598
   875, D, D, 1.505
   876, P, D, 2.072
   877, P, D, 2.072
   878, G, F, 0.063
   879, A, F, 0.063
   880, M, D, 2.896
   881, Q, D, 2.988
   882, E, D, 3.509
   883, L, D, 3.170
   884, L, D, 2.778
   885, G, D, 1.954
   886, A, D, 1.872
   887, L, D, 1.765
   888, E, D, 1.148
   889, P, D, 1.148
   890, L, D, 1.148
   891, P, D, 1.237
   892, P, D, 0.858
   893, A, D, 1.451
   894, P, D, 1.052
   895, G, D, 0.147
   896, D, D, 0.411
   897, T, D, 0.386
   898, G, D, 0.854
   899, V, D, 0.386
   900, G, D, 0.480
   901, P, P, 0.594
   902, P, P, 1.221
   903, N, P, 1.532
   904, S, P, 1.532
   905, E, P, 1.824
   906, G, P, 1.945
   907, K, P, 1.884
   908, D, P, 1.884
   909, P, P, 2.422
   910, A, P, 1.607
   911, G, P, 1.102
   912, A, P, 0.998
   913, Y, P, 0.382
   914, R, P, 0.402
   915, S, P, 0.484
   916, P, P, 0.209
   917, S, D, 0.094
   918, P, D, 0.009
   919, Q, D, 0.092
   920, G, P, 0.592
   921, T, P, 0.238
   922, K, F, 0.533
   923, A, F, 0.387
   924, P, F, 0.391
   925, R, F, 0.271
   926, F, F, 0.355
   927, V, F, 0.764
   928, P, F, 0.813
   929, L, F, 0.806
   930, T, F, 0.805
   931, S, F, 0.828
   932, I, F, 0.860
   933, C, F, 0.897
   934, F, F, 1.370
   935, P, F, 1.879
   936, D, F, 1.733
   937, S, F, 1.821
   938, L, F, 1.966
   939, L, F, 1.429
   940, Q, F, 1.041
   941, D, F, 1.293
   942, E, F, 1.339
   943, E, F, 1.240
   944, R, F, 1.203
   945, S, F, 0.678
   946, F, F, 0.339
   947, F, D, 2.523
   948, P, D, 2.883
   949, T, D, 2.883
   950, M, F, 0.323
   951, E, D, 2.432
   952, E, D, 2.144
   953, M, D, 2.216
   954, F, D, 1.586
   955, G, D, 0.825
   956, G, D, 0.069
   957, G, D, 1.353
   958, A, D, 1.900
   959, A, D, 2.549
   960, D, D, 2.210
   961, D, D, 2.549
   962, Y, D, 2.645
   963, G, D, 2.351
   964, K, D, 1.807
   965, A, D, 0.802
   966, G, D, 0.844
   967, P, D, 0.504
   968, P, D, 0.793
   969, E, D, 1.101
   970, D, D, 1.430
   971, E, D, 0.969
   972, G, D, 0.849
   973, D, D, 0.609
   974, P, D, 0.466
   975, K, D, 0.466
   976, A, D, 1.084
   977, G, D, 1.295
   978, A, D, 0.816
   979, G, D, 0.816
   980, P, D, 0.816
   981, P, D, 0.433
   982, P, P, 0.409
   983, G, P, 0.654
   984, P, P, 1.773
   985, P, P, 1.975
   986, A, P, 1.325
   987, Y, P, 1.671
   988, D, P, 2.673
   989, P, P, 2.673
   990, Y, P, 2.673
   991, G, P, 2.748
   992, P, P, 1.609
   993, Y, P, 1.844
   994, C, P, 1.844
   995, P, P, 2.256
   996, G, P, 1.851
   997, R, P, 2.240
   998, A, P, 2.207
   999, S, P, 1.983
  1000, G, P, 1.620
  1001, A, P, 2.234
  1002, G, P, 2.529
  1003, P, P, 2.135
  1004, E, P, 1.724
  1005, T, P, 0.981
  1006, P, P, 0.571
  1007, G, P, 0.379
  1008, L, P, 0.686
  1009, G, P, 0.494
  1010, L, D, 0.034
  1011, D, P, 0.367
  1012, P, D, 0.041
  1013, N, D, 1.068
  1014, K, D, 0.959
  1015, P, D, 1.334
  1016, P, D, 0.976
  1017, E, D, 0.320
  1018, L, D, 0.394
  1019, P, D, 0.455
  1020, S, F, 0.005
  1021, T, D, 0.167
  1022, V, D, 0.521
  1023, N, D, 0.542
  1024, A, D, 0.319
  1025, E, D, 0.415
  1026, P, D, 0.791
  1027, L, D, 1.038
  1028, G, D, 1.038
  1029, L, D, 1.038
  1030, I, D, 0.381
  1031, Q, D, 0.415
  1032, S, D, 0.415
  1033, G, D, 0.761
  1034, P, D, 1.030
  1035, H, D, 1.219
  1036, Q, D, 1.637
  1037, A, D, 1.690
  1038, A, D, 1.179
  1039, P, D, 1.179
  1040, P, D, 1.312
  1041, P, D, 1.432
  1042, P, D, 2.073
  1043, P, D, 2.390
  1044, P, D, 2.204
  1045, P, D, 2.075
  1046, P, D, 2.075
  1047, P, D, 1.824
  1048, P, D, 1.645
  1049, P, D, 1.226
  1050, A, D, 1.323
  1051, P, D, 1.115
  1052, A, D, 0.834
  1053, S, D, 0.475
  1054, E, D, 0.047
  1055, P, P, 0.264
  1056, K, D, 0.218
  1057, G, D, 0.218
  1058, G, D, 0.693
  1059, L, D, 1.178
  1060, T, D, 1.178
  1061, S, D, 1.197
  1062, P, D, 1.735
  1063, I, D, 1.448
  1064, F, D, 1.217
  1065, C, D, 0.844
  1066, S, F, 0.344
  1067, T, F, 0.484
  1068, K, F, 0.999
  1069, P, F, 1.462
  1070, K, F, 1.580
  1071, K, F, 1.697
  1072, L, F, 1.288
  1073, L, F, 1.193
  1074, K, F, 1.168
  1075, T, F, 1.168
  1076, S, F, 1.215
  1077, S, F, 0.728
  1078, F, F, 0.332
  1079, H, F, 0.306
  1080, L, F, 0.272
  1081, L, F, 0.272
  1082, R, F, 0.787
  1083, R, F, 1.165
  1084, R, F, 1.259
  1085, D, F, 0.817
  1086, P, F, 0.326
  1087, P, F, 0.704
  1088, F, F, 0.640
  1089, Q, F, 1.176
  1090, T, F, 1.175
  1091, P, F, 0.759
  1092, K, F, 0.589
  1093, K, F, 0.097
  1094, L, D, 1.850
  1095, Y, D, 2.180
  1096, A, D, 2.858
  1097, Q, D, 3.673
  1098, E, D, 3.326
  1099, Y, D, 3.326
  1100, E, F, 0.012
  1101, F, D, 3.735
  1102, E, D, 3.583
  1103, A, D, 3.209
  1104, D, F, 0.418
  1105, E, F, 0.377
  1106, D, F, 0.325
  1107, K, D, 2.863
  1108, A, D, 2.663
  1109, D, D, 2.578
  1110, V, D, 2.493
  1111, P, D, 2.103
  1112, A, D, 2.483
  1113, D, F, 0.327
  1114, I, D, 1.462
  1115, R, D, 0.508
  1116, L, F, 0.131
  1117, N, F, 0.244
  1118, P, F, 0.246
  1119, R, F, 0.359
  1120, R, F, 0.306
  1121, L, F, 0.306
  1122, P, F, 0.829
  1123, D, F, 0.443
  1124, L, F, 0.443
  1125, V, F, 0.812
  1126, S, F, 0.808
  1127, S, F, 0.287
  1128, C, F, 0.695
  1129, R, F, 0.172
  1130, S, F, 0.721
  1131, R, F, 1.205
  1132, P, F, 1.099
  1133, A, F, 0.993
  1134, L, F, 0.490
  1135, S, F, 0.490
  1136, P, F, 0.486
  1137, L, P, 2.190
  1138, G, P, 1.759
  1139, D, P, 1.850
  1140, I, P, 1.551
  1141, D, P, 2.004
  1142, F, P, 2.004
  1143, C, P, 1.462
  1144, P, P, 2.100
  1145, P, P, 1.860
  1146, N, P, 1.381
  1147, P, P, 1.397
  1148, G, P, 1.297
  1149, P, P, 0.726
  1150, D, P, 0.627
  1151, G, D, 0.288
  1152, P, D, 0.897
  1153, R, D, 0.562
  1154, R, D, 0.655
  1155, R, D, 0.648
  1156, G, D, 0.816
  1157, R, D, 0.950
  1158, K, D, 0.950
  1159, P, D, 1.342
  1160, T, D, 1.020
  1161, K, D, 1.490
  1162, A, D, 1.490
  1163, K, D, 1.998
  1164, R, D, 2.231
  1165, D, D, 2.382
  1166, G, D, 2.231
  1167, P, D, 2.149
  1168, P, D, 2.018
  1169, R, D, 2.279
  1170, P, D, 2.146
  1171, R, D, 1.499
  1172, G, D, 1.322
  1173, R, D, 1.612
  1174, P, D, 0.776
  1175, R, D, 0.662
  1176, I, D, 0.277
  1177, R, P, 0.183
  1178, P, D, 0.401
  1179, L, D, 0.487
  1180, E, D, 0.306
  1181, V, D, 0.306
  1182, P, P, 0.060
  1183, T, P, 0.581
  1184, T, P, 1.204
  1185, A, P, 0.699
  1186, G, P, 0.339
  1187, P, D, 0.239
  1188, A, D, 0.022
  1189, S, D, 0.341
  1190, A, P, 0.252
  1191, S, P, 0.008
  1192, T, P, 0.408
  1193, P, P, 0.078
  1194, T, P, 0.354
  1195, D, P, 0.094
  1196, G, P, 0.266
  1197, A, D, 0.116
  1198, K, D, 0.493
  1199, K, D, 0.934
  1200, P, D, 0.931
  1201, R, D, 0.738
  1202, G, D, 1.108
  1203, R, D, 0.663
  1204, G, D, 0.589
  1205, R, D, 0.589
  1206, G, D, 0.851
  1207, R, D, 1.057
  1208, G, D, 1.439
  1209, R, D, 1.699
  1210, K, D, 1.619
  1211, A, D, 1.619
  1212, E, D, 1.058
  1213, E, D, 1.145
  1214, A, D, 1.459
  1215, G, D, 1.686
  1216, G, D, 2.002
  1217, T, D, 2.366
  1218, R, D, 1.907
  1219, L, F, 0.007
  1220, E, D, 1.919
  1221, P, D, 2.788
  1222, L, F, 0.005
  1223, K, D, 1.814
  1224, P, D, 1.584
  1225, L, D, 1.354
  1226, K, F, 0.275
  1227, I, F, 0.118
  1228, K, F, 0.217
  1229, L, F, 0.254
  1230, S, F, 0.191
  1231, V, F, 0.074
  1232, P, D, 0.080
  1233, K, D, 0.321
  1234, A, F, 0.187
  1235, G, P, 0.044
  1236, E, P, 1.033
  1237, G, P, 1.182
  1238, L, P, 1.818
  1239, G, P, 1.414
  1240, T, P, 1.576
  1241, S, P, 1.514
  1242, S, P, 1.514
  1243, G, P, 0.869
  1244, D, P, 1.051
  1245, A, P, 1.247
  1246, I, P, 0.881
  1247, S, P, 1.186
  1248, G, P, 1.500
  1249, T, P, 1.500
  1250, D, P, 1.488
  1251, H, P, 1.636
  1252, N, P, 0.495
  1253, S, P, 0.188
  1254, L, P, 0.237
  1255, D, P, 0.073
  1256, S, P, 0.042
  1257, S, D, 0.349
  1258, L, D, 0.152
  1259, T, D, 0.988
  1260, R, D, 1.959
  1261, E, D, 2.016
  1262, K, D, 2.240
  1263, I, D, 1.890
  1264, E, D, 2.554
  1265, A, D, 2.883
  1266, K, D, 2.887
  1267, I, D, 2.599
  1268, K, D, 1.922
  1269, E, D, 2.180
  1270, V, D, 2.519
  1271, E, D, 2.613
  1272, E, D, 2.521
  1273, K, D, 3.118
  1274, Q, F, 0.416
  1275, P, F, 0.357
  1276, E, F, 0.404
  1277, M, F, 0.896
  1278, K, F, 0.803
  1279, S, F, 0.775
  1280, G, F, 0.250
  1281, F, F, 0.250
  1282, M, F, 0.332
  1283, A, F, 0.085
  1284, S, F, 0.061
  1285, F, F, 0.037
  1286, L, F, 0.500
  1287, D, F, 0.857
  1288, F, F, 0.931
  1289, L, F, 1.054
  1290, K, F, 0.790
  1291, S, F, 1.253
  1292, G, F, 1.315
  1293, K, F, 1.327
  1294, R, F, 0.766
  1295, H, F, 1.030
  1296, P, F, 0.909
  1297, P, F, 0.884
  1298, L, F, 0.323
  1299, Y, D, 0.824
  1300, Q, D, 1.024
  1301, A, D, 0.947
  1302, G, D, 0.930
  1303, L, D, 0.441
  1304, T, D, 0.441
  1305, P, D, 0.724
  1306, P, D, 0.254
  1307, L, D, 0.186
  1308, S, D, 0.342
  1309, P, P, 0.089
  1310, P, F, 0.031
  1311, K, P, 0.053
  1312, S, D, 0.356
  1313, V, D, 0.356
  1314, P, D, 0.299
  1315, P, D, 0.761
  1316, S, D, 0.874
  1317, V, D, 0.874
  1318, P, D, 0.874
  1319, A, D, 0.899
  1320, R, D, 0.815
  1321, G, D, 1.198
  1322, L, D, 1.119
  1323, Q, D, 1.119
  1324, P, D, 0.689
  1325, Q, D, 1.103
  1326, P, D, 0.887
  1327, P, D, 0.377
  1328, A, D, 0.403
  1329, T, D, 0.653
  1330, P, D, 0.354
  1331, A, D, 0.306
  1332, V, P, 0.191
  1333, P, P, 0.821
  1334, H, P, 0.298
  1335, P, P, 0.298
  1336, P, D, 0.341
  1337, P, D, 0.423
  1338, S, D, 0.472
  1339, G, D, 1.152
  1340, A, D, 0.894
  1341, F, D, 1.470
  1342, G, D, 1.301
  1343, L, D, 1.360
  1344, G, D, 0.910
  1345, G, D, 1.023
  1346, A, D, 0.740
  1347, L, D, 0.532
  1348, E, D, 0.532
  1349, A, D, 0.336
  1350, A, D, 0.336
  1351, E, F, 0.267
  1352, S, F, 0.331
  1353, E, F, 0.291
  1354, G, F, 0.245
  1355, L, F, 0.249
  1356, G, D, 1.132
  1357, L, D, 2.159
  1358, G, F, 0.320
  1359, C, F, 0.226
  1360, P, D, 1.525
  1361, S, D, 0.546
  1362, P, F, 0.175
  1363, C, F, 0.053
  1364, K, F, 0.117
  1365, R, F, 0.607
  1366, L, F, 0.583
  1367, D, F, 0.620
  1368, E, F, 0.666
  1369, E, F, 0.702
  1370, L, F, 0.212
  1371, K, F, 0.217
  1372, R, D, 1.104
  1373, N, D, 1.835
  1374, L, D, 2.393
  1375, E, D, 2.190
  1376, T, D, 2.255
  1377, L, D, 2.623
  1378, P, D, 2.935
  1379, S, D, 2.651
  1380, F, D, 1.777
  1381, S, D, 1.390
  1382, S, D, 0.709
  1383, D, D, 0.729
  1384, E, D, 1.701
  1385, E, D, 2.015
  1386, D, D, 2.162
  1387, S, D, 1.874
  1388, V, D, 0.939
  1389, A, D, 1.224
  1390, K, D, 1.087
  1391, N, D, 0.894
  1392, R, D, 1.262
  1393, D, D, 1.284
  1394, L, D, 1.839
  1395, Q, D, 2.379
  1396, E, D, 2.027
  1397, S, D, 1.300
  1398, I, D, 0.644
  1399, S, D, 0.445
  1400, S, D, 0.365
  1401, A, D, 0.422
  1402, I, D, 0.041
  1403, S, D, 0.614
  1404, A, D, 0.696
  1405, L, D, 1.003
  1406, D, D, 0.537
  1407, D, D, 0.483
  1408, P, D, 0.715
  1409, P, P, 0.326
  1410, L, P, 0.068
  1411, A, D, 0.028
  1412, G, D, 0.316
  1413, P, D, 0.696
  1414, K, D, 0.585
  1415, D, D, 0.801
  1416, T, D, 1.184
  1417, S, D, 1.184
  1418, T, D, 1.083
  1419, P, D, 0.855
  1420, D, D, 0.223
  1421, G, D, 0.223
  1422, P, D, 0.223
  1423, P, D, 0.273
  1424, L, D, 0.166
  1425, A, D, 0.627
  1426, P, D, 0.166
  1427, A, D, 0.367
  1428, A, D, 0.176
  1429, A, D, 0.076
  1430, V, D, 0.472
  1431, P, D, 0.381
  1432, G, D, 0.035
  1433, P, P, 0.548
  1434, P, P, 0.548
  1435, P, P, 0.804
  1436, L, P, 0.804
  1437, P, P, 0.073
  1438, G, P, 0.142
  1439, L, P, 0.142
  1440, P, P, 0.255
  1441, S, P, 0.367
  1442, A, D, 0.214
  1443, N, D, 0.949
  1444, S, D, 0.722
  1445, N, D, 1.132
  1446, G, D, 1.132
  1447, T, D, 1.132
  1448, P, D, 0.908
  1449, E, D, 0.942
  1450, P, D, 0.942
  1451, P, D, 1.390
  1452, L, D, 1.500
  1453, L, D, 1.500
  1454, E, D, 1.602
  1455, E, D, 1.590
  1456, K, D, 1.959
  1457, P, D, 2.396
  1458, P, D, 2.784
  1459, P, D, 3.407
  1460, T, D, 3.849
  1461, P, D, 3.849
  1462, P, D, 3.568
  1463, P, D, 3.568
  1464, A, D, 3.568
  1465, P, D, 4.003
  1466, T, D, 4.555
  1467, P, D, 4.189
  1468, Q, D, 4.683
  1469, P, D, 4.230
  1470, Q, D, 3.557
  1471, P, D, 3.557
  1472, P, D, 2.742
  1473, P, D, 3.403
  1474, P, D, 3.403
  1475, P, D, 3.403
  1476, P, D, 2.888
  1477, P, D, 2.704
  1478, P, D, 2.452
  1479, Q, D, 3.026
  1480, P, D, 2.452
  1481, A, D, 2.660
  1482, L, D, 1.978
  1483, P, D, 1.516
  1484, S, D, 1.516
  1485, P, D, 1.516
  1486, P, D, 1.516
  1487, P, D, 1.516
  1488, L, D, 1.516
  1489, V, D, 1.226
  1490, A, D, 1.226
  1491, P, D, 1.226
  1492, T, D, 1.351
  1493, P, D, 1.351
  1494, S, D, 1.525
  1495, S, D, 1.924
  1496, P, D, 1.683
  1497, P, D, 2.084
  1498, P, D, 2.084
  1499, P, D, 1.452
  1500, P, D, 1.452
  1501, L, D, 1.796
  1502, P, D, 2.233
  1503, P, D, 2.556
  1504, P, D, 2.556
  1505, P, D, 3.306
  1506, P, D, 3.306
  1507, P, D, 3.812
  1508, A, D, 4.323
  1509, M, D, 3.854
  1510, P, D, 3.854
  1511, S, D, 3.308
  1512, P, D, 3.038
  1513, P, D, 2.830
  1514, P, D, 3.204
  1515, P, D, 3.204
  1516, P, D, 3.468
  1517, P, D, 3.795
  1518, P, D, 3.795
  1519, A, D, 3.693
  1520, A, D, 3.627
  1521, A, D, 3.693
  1522, P, D, 3.318
  1523, L, D, 3.318
  1524, A, D, 4.222
  1525, A, D, 4.226
  1526, P, D, 4.226
  1527, P, D, 4.699
  1528, E, D, 4.614
  1529, E, D, 4.614
  1530, P, D, 4.752
  1531, A, D, 4.542
  1532, A, D, 3.935
  1533, P, D, 3.861
  1534, S, D, 3.759
  1535, P, D, 3.759
  1536, E, D, 3.759
  1537, D, D, 3.759
  1538, P, D, 3.480
  1539, E, D, 3.269
  1540, L, D, 3.307
  1541, P, D, 3.307
  1542, D, D, 2.469
  1543, T, D, 2.561
  1544, R, D, 2.561
  1545, P, D, 2.365
  1546, L, D, 2.195
  1547, H, D, 2.110
  1548, L, D, 2.805
  1549, A, D, 1.942
  1550, K, D, 1.942
  1551, K, D, 2.658
  1552, Q, D, 2.658
  1553, E, D, 2.744
  1554, T, D, 2.444
  1555, A, D, 2.831
  1556, A, D, 2.745
  1557, V, D, 2.989
  1558, C, D, 2.720
  1559, G, D, 3.371
  1560, E, D, 2.985
  1561, T, D, 2.845
  1562, D, D, 2.745
  1563, E, D, 2.435
  1564, E, D, 3.350
  1565, A, D, 2.761
  1566, G, D, 2.382
  1567, E, D, 3.213
  1568, S, D, 3.120
  1569, G, D, 2.921
  1570, G, D, 2.901
  1571, E, D, 2.492
  1572, G, D, 2.925
  1573, I, D, 2.925
  1574, F, D, 3.376
  1575, R, D, 2.990
  1576, E, D, 2.246
  1577, R, D, 1.309
  1578, D, F, 0.213
  1579, E, F, 0.277
  1580, F, F, 0.769
  1581, V, F, 0.890
  1582, I, F, 1.417
  1583, R, F, 1.502
  1584, A, F, 1.566
  1585, E, F, 1.566
  1586, D, F, 1.158
  1587, I, F, 0.621
  1588, P, F, 0.515
  1589, S, F, 0.492
  1590, L, F, 0.386
  1591, K, F, 0.906
  1592, L, F, 1.434
  1593, A, F, 0.978
  1594, L, F, 0.978
  1595, Q, F, 0.539
  1596, T, F, 0.485
  1597, G, F, 0.485
  1598, R, F, 0.977
  1599, E, F, 1.500
  1600, P, F, 1.060
  1601, P, F, 1.112
  1602, P, F, 1.648
  1603, I, F, 1.220
  1604, W, F, 1.168
  1605, R, F, 0.676
  1606, V, F, 1.044
  1607, Q, F, 0.581
  1608, K, F, 0.500
  1609, A, F, 0.401
  1610, L, F, 0.486
  1611, L, F, 0.486
  1612, Q, F, 0.537
  1613, K, F, 1.098
  1614, F, F, 1.582
  1615, T, F, 1.728
  1616, P, F, 1.301
  1617, E, F, 0.776
  1618, I, F, 0.682
  1619, K, F, 0.702
  1620, D, F, 1.143
  1621, G, F, 1.079
  1622, Q, F, 1.364
  1623, R, F, 1.410
  1624, Q, F, 0.883
  1625, F, F, 0.802
  1626, C, F, 0.895
  1627, A, F, 0.387
  1628, T, F, 0.312
  1629, S, F, 0.418
  1630, N, F, 0.825
  1631, Y, F, 0.385
  1632, L, F, 0.439
  1633, G, F, 0.961
  1634, Y, F, 1.404
  1635, F, F, 1.741
  1636, G, F, 1.687
  1637, D, F, 2.175
  1638, A, F, 2.129
  1639, K, F, 1.668
  1640, N, F, 1.535
  1641, R, F, 1.859
  1642, Y, F, 1.846
  1643, Q, F, 1.886
  1644, R, F, 1.507
  1645, L, F, 0.985
  1646, Y, F, 1.427
  1647, V, F, 1.408
  1648, K, F, 0.953
  1649, F, F, 1.375
  1650, L, F, 1.866
  1651, E, F, 1.866
  1652, N, F, 1.920
  1653, V, F, 1.960
  1654, N, F, 1.854
  1655, K, F, 1.974
  1656, K, F, 2.063
  1657, D, F, 2.063
  1658, Y, F, 1.548
  1659, V, F, 1.117
  1660, R, F, 1.117
  1661, V, F, 1.065
  1662, C, F, 0.915
  1663, A, F, 0.505
  1664, R, F, 0.588
  1665, K, F, 0.600
  1666, P, F, 0.178
  1667, W, F, 0.239
  1668, H, F, 0.333
  1669, R, F, 0.333
  1670, P, F, 0.352
  1671, P, D, 1.800
  1672, V, D, 1.800
  1673, P, D, 1.386
  1674, V, D, 1.583
  1675, R, D, 1.396
  1676, R, D, 0.941
  1677, S, D, 0.510
  1678, G, P, 0.281
  1679, Q, P, 0.130
  1680, A, P, 0.072
  1681, K, P, 0.134
  1682, N, P, 0.321
  1683, P, D, 0.207
  1684, V, D, 0.327
  1685, S, D, 0.403
  1686, A, D, 0.523
  1687, G, D, 0.599
  1688, G, D, 0.431
  1689, S, D, 0.283
  1690, S, D, 1.079
  1691, A, D, 1.513
  1692, P, D, 1.400
  1693, P, D, 1.104
  1694, P, D, 0.669
  1695, K, D, 0.902
  1696, A, D, 1.334
  1697, P, D, 1.230
  1698, A, D, 1.333
  1699, P, D, 0.933
  1700, P, D, 1.270
  1701, P, D, 2.202
  1702, K, D, 2.627
  1703, P, D, 3.092
  1704, E, D, 2.975
  1705, T, D, 2.894
  1706, P, D, 2.546
  1707, E, D, 2.546
  1708, K, D, 3.323
  1709, T, D, 3.024
  1710, T, D, 3.037
  1711, S, D, 2.993
  1712, E, D, 2.993
  1713, K, D, 3.555
  1714, P, D, 3.555
  1715, P, D, 3.770
  1716, E, D, 3.830
  1717, Q, D, 3.260
  1718, T, D, 4.065
  1719, P, D, 3.849
  1720, E, D, 3.290
  1721, T, D, 3.160
  1722, A, D, 3.348
  1723, M, D, 3.536
  1724, P, D, 3.306
  1725, E, D, 2.758
  1726, P, D, 2.830
  1727, P, D, 3.387
  1728, A, D, 3.156
  1729, P, D, 3.156
  1730, E, D, 2.898
  1731, K, D, 3.735
  1732, P, D, 3.487
  1733, S, D, 3.487
  1734, L, D, 3.472
  1735, L, D, 3.278
  1736, R, D, 3.026
  1737, P, D, 3.161
  1738, V, D, 2.867
  1739, E, D, 2.753
  1740, K, D, 2.947
  1741, E, D, 2.847
  1742, K, D, 2.853
  1743, E, D, 3.133
  1744, K, D, 2.264
  1745, E, D, 2.179
  1746, K, D, 2.661
  1747, V, D, 2.749
  1748, T, D, 2.550
  1749, R, D, 2.070
  1750, G, D, 1.744
  1751, E, D, 2.057
  1752, R, D, 2.205
  1753, P, D, 1.498
  1754, L, D, 1.802
  1755, R, D, 1.239
  1756, G, D, 1.239
  1757, E, D, 0.919
  1758, R, D, 0.748
  1759, A, D, 0.259
  1760, T, D, 0.457
  1761, S, D, 0.457
  1762, G, P, 0.106
  1763, R, D, 0.286
  1764, Q, D, 0.348
  1765, T, D, 0.251
  1766, R, D, 0.112
  1767, P, P, 0.189
  1768, E, P, 0.189
  1769, R, D, 0.190
  1770, S, D, 0.252
  1771, L, D, 0.572
  1772, A, D, 0.572
  1773, T, D, 0.940
  1774, G, D, 1.164
  1775, Q, D, 1.332
  1776, P, D, 1.656
  1777, A, D, 1.520
  1778, T, D, 2.187
  1779, S, D, 2.132
  1780, R, D, 2.087
  1781, L, D, 2.132
  1782, P, D, 1.947
  1783, K, D, 2.224
  1784, A, D, 2.702
  1785, R, D, 3.070
  1786, P, D, 3.382
  1787, T, D, 4.195
  1788, K, D, 4.580
  1789, V, D, 4.503
  1790, K, D, 4.413
  1791, A, D, 5.027
  1792, E, D, 5.297
  1793, P, D, 5.293
  1794, P, D, 4.921
  1795, P, D, 4.588
  1796, K, D, 3.867
  1797, K, D, 3.867
  1798, R, D, 3.543
  1799, K, D, 3.679
  1800, K, D, 3.512
  1801, W, D, 2.678
  1802, L, D, 2.423
  1803, K, D, 1.884
  1804, E, D, 1.755
  1805, A, D, 1.472
  1806, G, D, 1.241
  1807, G, D, 1.024
  1808, N, D, 0.822
  1809, A, P, 0.216
  1810, T, P, 1.100
  1811, A, P, 1.562
  1812, G, P, 1.504
  1813, G, P, 1.454
  1814, G, P, 1.423
  1815, P, P, 1.817
  1816, P, P, 1.389
  1817, G, P, 2.206
  1818, S, P, 2.608
  1819, S, P, 1.482
  1820, S, P, 0.796
  1821, D, D, 0.188
  1822, S, P, 0.522
  1823, E, P, 0.214
  1824, S, P, 0.427
  1825, S, P, 0.106
  1826, P, P, 0.106
  1827, G, P, 0.340
  1828, A, P, 0.283
  1829, P, P, 0.212
  1830, S, P, 0.136
  1831, E, P, 0.042
  1832, D, P, 0.405
  1833, E, D, 0.003
  1834, R, P, 0.282
  1835, A, D, 0.262
  1836, V, D, 0.262
  1837, P, D, 0.598
  1838, G, D, 0.506
  1839, R, D, 0.766
  1840, L, D, 0.846
  1841, L, D, 0.379
  1842, K, F, 0.334
  1843, T, F, 0.333
  1844, R, F, 0.561
  1845, A, F, 1.083
  1846, M, F, 1.471
  1847, R, F, 1.390
  1848, E, F, 1.332
  1849, M, F, 1.066
  1850, Y, F, 1.582
  1851, R, F, 1.586
  1852, S, F, 1.480
  1853, Y, F, 0.958
  1854, V, F, 0.694
  1855, E, F, 1.155
  1856, M, F, 1.142
  1857, L, F, 1.182
  1858, V, F, 1.551
  1859, S, F, 1.323
  1860, T, F, 1.210
  1861, A, F, 1.274
  1862, L, F, 1.186
  1863, D, F, 0.747
  1864, P, F, 0.665
  1865, D, F, 1.155
  1866, M, F, 1.155
  1867, I, F, 1.260
  1868, Q, F, 1.236
  1869, A, F, 0.984
  1870, L, F, 0.721
  1871, E, F, 0.415
  1872, D, F, 0.443
  1873, T, F, 0.869
  1874, H, F, 0.716
  1875, D, F, 0.189
  1876, E, F, 0.712
  1877, L, F, 1.227
  1878, Y, F, 1.246
  1879, L, F, 1.018
  1880, P, F, 0.668
  1881, P, F, 0.646
  1882, M, F, 0.553
  1883, R, F, 0.090
  1884, K, F, 0.478
  1885, I, F, 1.000
  1886, D, F, 0.965
  1887, G, F, 0.908
  1888, L, F, 1.431
  1889, L, F, 1.432
  1890, N, F, 1.432
  1891, E, F, 1.026
  1892, H, F, 0.511
  1893, K, F, 0.657
  1894, K, F, 1.172
  1895, K, F, 0.994
  1896, V, F, 0.881
  1897, L, F, 0.975
  1898, K, F, 0.976
  1899, R, F, 1.147
  1900, L, F, 1.246
  1901, S, F, 1.291
  1902, L, F, 0.776
  1903, S, F, 0.838
  1904, P, F, 1.330
  1905, A, F, 1.240
  1906, L, F, 1.599
  1907, Q, F, 1.570
  1908, D, F, 1.591
  1909, A, F, 1.205
  1910, L, F, 0.678
  1911, H, F, 0.649
  1912, T, F, 0.532
  1913, F, F, 0.042
  1914, P, F, 0.016
  1915, Q, D, 2.128
  1916, L, D, 3.051
  1917, Q, D, 2.768
  1918, V, D, 2.768
  1919, E, D, 2.652
  1920, Q, D, 2.046
  1921, S, D, 1.776
  1922, G, D, 1.073
  1923, E, D, 1.019
  1924, G, D, 1.085
  1925, S, D, 0.916
  1926, P, D, 1.610
  1927, E, D, 1.610
  1928, E, D, 1.204
  1929, G, D, 0.921
  1930, A, D, 0.289
  1931, V, D, 0.103
  1932, R, P, 0.864
  1933, L, P, 0.903
  1934, R, P, 0.903
  1935, P, D, 0.100
  1936, A, D, 0.249
  1937, G, D, 1.140
  1938, E, D, 1.607
  1939, P, D, 1.385
  1940, Y, D, 1.388
  1941, N, F, 0.286
  1942, R, F, 0.404
  1943, K, F, 0.404
  1944, T, F, 0.067
  1945, L, D, 1.768
  1946, S, F, 0.030
  1947, K, D, 2.063
  1948, L, F, 0.388
  1949, K, F, 0.265
  1950, R, F, 0.792
  1951, S, F, 0.792
  1952, V, F, 0.845
  1953, V, F, 0.439
  1954, R, F, 0.415
  1955, A, F, 0.740
  1956, Q, F, 1.119
  1957, E, F, 1.119
  1958, F, F, 1.119
  1959, K, F, 1.524
  1960, V, F, 1.635
  1961, E, F, 1.145
  1962, L, F, 1.608
  1963, E, F, 1.665
  1964, K, F, 1.803
  1965, S, F, 1.823
  1966, G, F, 1.465
  1967, Y, F, 1.790
  1968, Y, F, 1.807
  1969, T, F, 1.821
  1970, L, F, 2.358
  1971, Y, F, 2.312
  1972, H, F, 2.366
  1973, S, F, 2.439
  1974, L, F, 2.521
  1975, H, F, 1.999
  1976, H, F, 2.049
  1977, Y, F, 2.084
  1978, K, F, 2.574
  1979, Y, F, 2.732
  1980, H, F, 2.814
  1981, T, F, 2.407
  1982, F, F, 2.308
  1983, L, F, 1.781
  1984, R, F, 1.496
  1985, C, F, 1.356
  1986, R, F, 1.324
  1987, D, F, 1.324
  1988, Q, F, 1.149
  1989, T, F, 1.060
  1990, L, F, 0.652
  1991, A, F, 0.623
  1992, I, F, 0.603
  1993, E, F, 0.851
  1994, G, F, 0.838
  1995, G, F, 0.350
  1996, A, F, 0.319
  1997, E, F, 0.465
  1998, D, F, 0.087
  1999, L, D, 2.507
  2000, G, F, 0.074
  2001, Q, F, 0.000
  2002, E, F, 0.463
  2003, E, F, 0.463
  2004, V, F, 0.341
  2005, V, D, 2.964
  2006, Q, F, 0.393
  2007, Q, F, 0.966
  2008, C, F, 0.970
  2009, M, F, 0.849
  2010, R, F, 1.387
  2011, N, F, 1.419
  2012, Q, F, 0.897
  2013, P, F, 1.424
  2014, W, F, 1.865
  2015, L, F, 1.987
  2016, E, F, 2.038
  2017, Q, F, 1.772
  2018, L, F, 1.435
  2019, F, F, 1.507
  2020, D, F, 1.597
  2021, S, F, 1.138
  2022, F, F, 0.992
  2023, S, F, 1.370
  2024, D, F, 1.346
  2025, L, F, 1.346
  2026, L, F, 1.346
  2027, A, F, 1.346
  2028, Q, F, 1.346
  2029, A, F, 1.346
  2030, Q, F, 1.346
  2031, A, F, 1.346
  2032, H, F, 1.346
  2033, S, F, 1.346
  2034, R, F, 1.346
  2035, C, F, 1.346
  2036, G, F, 1.346
